GeoFIPS,GeoName,Region,TableName,LineCode,IndustryClassification,Description,Unit,1969,1970,1971,1972,1973,1974,1975,1976,1977,1978,1979,1980,1981,1982,1983,1984,1985,1986,1987,1988,1989,1990,1991,1992,1993,1994,1995,1996,1997,1998,1999,2000,2001,2002,2003,2004,2005,2006,2007,2008,2009,2010,2011,2012,2013,2014,2015,2016,2017,2018,2019,2020,2021
 "10000","Delaware",2,CAINC4,10,"...","Personal income (thousands of dollars) ","Thousands of dollars",2441193,2599931,2844088,3124948,3462300,3747067,4029225,4403982,4741121,5201590,5716943,6430508,7094131,7634123,8131632,8972541,9733839,10356846,11194189,12256360,13630691,14367121,15196277,15854345,16466756,17165308,18171954,19433856,20342252,22497390,24165267,26645281,29379184,30358952,31136926,32379482,33273931,35275330,36380424,36145189,36432931,36837784,39925002,40393268,41100328,43031603,45216125,46444792,48476204,51191230,53202507,55866750,60133631
 "10000","Delaware",2,CAINC4,11,"..."," Nonfarm personal income 1/","Thousands of dollars",2386125,2565566,2806469,3076526,3367105,3665553,3938136,4321057,4686275,5141803,5663689,6418729,7052663,7569610,8054036,8877491,9630734,10214104,11081530,12076373,13439999,14227635,15064969,15739565,16360526,17046057,18087248,19315637,20249531,22358002,24027311,26499827,29169918,30273622,30964185,32127722,32984775,35070155,36173643,35920231,36141363,36578456,39696301,40106184,40663488,42527774,44831686,46139434,47980460,50796988,52794039,55665848,59808118
 "10000","Delaware",2,CAINC4,12,"..."," Farm income 2/","Thousands of dollars",55068,34365,37619,48422,95195,81514,91089,82925,54846,59787,53254,11779,41468,64513,77596,95050,103105,142742,112659,179987,190692,139486,131308,114780,106230,119251,84706,118219,92721,139388,137956,145454,209266,85330,172741,251760,289156,205175,206781,224958,291568,259328,228701,287084,436840,503829,384439,305358,495744,394242,408468,200902,325513
 "10000","Delaware",2,CAINC4,20,"...","Population (persons) 3/","Number of persons",540000,550332,565207,573821,579078,583150,588756,592755,594821,598188,598830,594919,595974,599148,605459,611565,618279,627559,636946,647621,658274,669567,683080,694925,706378,717545,729734,740977,751487,763335,774990,786373,795699,806169,818003,830803,845150,859268,871749,883874,891730,899762,908169,916572,925599,935160,944596,953030,961499,971072,981297,991886,1003384
 "10000","Delaware",2,CAINC4,30,"...","Per capita personal income (dollars) 4/","Dollars",4521,4724,5032,5446,5979,6426,6844,7430,7971,8696,9547,10809,11903,12742,13431,14671,15743,16503,17575,18925,20707,21457,22247,22814,23312,23922,24902,26227,27069,29472,31181,33884,36922,37658,38065,38974,39370,41053,41733,40894,40856,40942,43962,44070,44404,46015,47868,48734,50417,52716,54217,56324,59931
 "10000","Delaware",2,CAINC4,35,"...","Earnings by place of work ","Thousands of dollars",2055087,2170506,2397895,2665096,3007459,3211128,3408212,3727098,3989642,4429211,4852561,5330535,5756173,6210532,6700236,7375694,8067563,8578245,9384036,10307246,11283926,11902882,12426602,13000603,13362918,13984601,14703509,15674708,16728363,18597249,20613193,22518510,25074167,25776410,26269308,27150516,27785320,29110453,29370952,28225022,27964115,28256552,30528869,30602604,31222961,32653383,34082115,34230163,35687449,37620987,38386454,38335435,40921379
 "10000","Delaware",2,CAINC4,36,"...","Less: Contributions for government social insurance 5/","Thousands of dollars",139397,147229,167646,195970,252916,281577,292891,324777,351162,401329,459943,510379,590625,647494,703393,779375,864829,933211,1016326,1149214,1261986,1311929,1377734,1420863,1475749,1571009,1655687,1735064,1842918,1996563,2133679,2236879,2294727,2398919,2500273,2689736,2819731,3000733,3083806,3191919,3121673,3143862,2846533,2980473,3483310,3676059,3826142,3863796,4017739,4219629,4375188,4486646,4768479
 "10000","Delaware",2,CAINC4,37,"..."," Employee and self-employed contributions for government social insurance ","Thousands of dollars",67046,71061,80153,91584,118163,132532,137910,149233,161338,181839,210790,236791,277805,306174,329277,357379,405623,443555,487427,557144,619683,645342,680756,698620,727089,778081,827113,870533,920877,1003989,1077627,1130197,1169459,1226804,1282112,1378359,1453753,1551790,1603400,1657735,1625833,1640583,1305247,1372838,1833600,1915901,2005925,2053071,2151946,2287765,2393199,2454193,2578652
 "10000","Delaware",2,CAINC4,38,"..."," Employer contributions for government social insurance ","Thousands of dollars",72351,76168,87493,104386,134753,149045,154981,175544,189824,219490,249153,273588,312820,341320,374116,421996,459206,489656,528899,592070,642303,666587,696978,722243,748660,792928,828574,864531,922041,992574,1056052,1106682,1125268,1172115,1218161,1311377,1365978,1448943,1480406,1534184,1495840,1503279,1541286,1607635,1649710,1760158,1820217,1810725,1865793,1931864,1981989,2032453,2189827
 "10000","Delaware",2,CAINC4,42,"...","Plus: Adjustment for residence 6/","Thousands of dollars",-28481,-30764,-46396,-53704,-75550,-79866,-89984,-99025,-114001,-138242,-156237,-192787,-211025,-243266,-289448,-327989,-369862,-397882,-466376,-524870,-617545,-688026,-681434,-724578,-680548,-721939,-847873,-1048594,-1345475,-1455860,-1695988,-1789987,-1809296,-1760700,-1800416,-1940173,-2088683,-2320772,-2166173,-2216268,-1541088,-1734269,-2154167,-2165278,-2100589,-2469383,-2442215,-2138250,-2514985,-2564815,-2614731,-2436607,-2108166
 "10000","Delaware",2,CAINC4,45,"...","Equals: Net earnings by place of residence ","Thousands of dollars",1887209,1992513,2183853,2415422,2678993,2849685,3025337,3303296,3524479,3889640,4236381,4627369,4954523,5319772,5707395,6268330,6832872,7247152,7901334,8633162,9404395,9902927,10367434,10855162,11206621,11691653,12199949,12891050,13539970,15144826,16783526,18491644,20970144,21616791,21968619,22520607,22876906,23788948,24120973,22816835,23301354,23378421,25528169,25456853,25639062,26507941,27813758,28228117,29154725,30836543,31396535,31412182,34044734
 "10000","Delaware",2,CAINC4,46,"...","Plus: Dividends, interest, and rent 7/","Thousands of dollars",415303,442508,466120,494457,534984,594213,595869,661911,739153,811892,907357,1107721,1357322,1483368,1538646,1754964,1903046,2030050,2168002,2386324,2884793,3023278,3154722,3176891,3312148,3403791,3710073,4035590,4267497,4653071,4567383,5083149,5041396,5113728,5272645,5664811,5875176,6590162,6952071,7210768,6500086,6300947,6924127,7288451,7423560,8029992,8349480,8786673,9318883,9852806,10677017,10690246,10948438
 "10000","Delaware",2,CAINC4,47,"...","Plus: Personal current transfer receipts ","Thousands of dollars",138681,164910,194115,215069,248323,303169,408019,438775,477489,500058,573205,695418,782286,830983,885591,949247,997921,1079644,1124853,1236874,1341503,1440916,1674121,1822292,1947987,2069864,2261932,2507216,2534785,2699493,2814358,3070488,3367644,3628433,3895662,4194064,4521849,4896220,5307380,6117586,6631491,7158416,7472706,7647964,8037706,8493670,9052887,9430002,10002596,10501881,11128955,13764322,15140459
 "10000","Delaware",2,CAINC4,50,"...","Wages and salaries ","Thousands of dollars",1626974,1750835,1911246,2102230,2346413,2523755,2627756,2856618,3078991,3423178,3760229,4171765,4491713,4835452,5165344,5632472,6124157,6472639,7162142,7847776,8555778,9023751,9296435,9571809,9882167,10354187,11065117,11879058,12751712,13830613,14764643,15656198,16379849,16737029,17343887,18393118,19544482,20477819,20987505,21110190,20181197,20427846,21330265,22034824,22596771,23621779,24491051,24678681,25819577,26616707,27745354,27898115,29748959
 "10000","Delaware",2,CAINC4,60,"...","Supplements to wages and salaries ","Thousands of dollars",194300,208631,252726,291154,332117,361883,428632,479620,542856,609931,689702,790260,865718,968729,1086199,1189242,1329368,1462700,1559560,1711162,1910523,2018295,2134056,2321293,2424529,2522058,2595028,2721883,2867954,3054406,3215250,3473122,3628773,3824525,4043503,4325342,4614211,5048797,5137348,5172210,5044563,5104836,5393468,5430849,5465490,5790048,5875127,5893525,6163807,6652137,6981700,7014240,7335292
 "10000","Delaware",2,CAINC4,61,"..."," Employer contributions for employee pension and insurance funds 8/","Thousands of dollars",121949,132463,165233,186768,197364,212838,273651,304076,353032,390441,440549,516672,552898,627409,712083,767246,870162,973044,1030661,1119092,1268220,1351708,1437078,1599050,1675869,1729130,1766454,1857352,1945913,2061832,2159198,2366440,2503505,2652410,2825342,3013965,3248233,3599854,3656942,3638026,3548723,3601557,3852182,3823214,3815780,4029890,4054910,4082800,4298014,4720273,4999711,4981787,5145465
 "10000","Delaware",2,CAINC4,62,"..."," Employer contributions for government social insurance ","Thousands of dollars",72351,76168,87493,104386,134753,149045,154981,175544,189824,219490,249153,273588,312820,341320,374116,421996,459206,489656,528899,592070,642303,666587,696978,722243,748660,792928,828574,864531,922041,992574,1056052,1106682,1125268,1172115,1218161,1311377,1365978,1448943,1480406,1534184,1495840,1503279,1541286,1607635,1649710,1760158,1820217,1810725,1865793,1931864,1981989,2032453,2189827
 "10000","Delaware",2,CAINC4,70,"...","Proprietors' income 9/","Thousands of dollars",233813,211040,233923,271712,328929,325490,351824,390860,367795,396102,402630,368510,398742,406351,448693,553980,614038,642906,662334,748308,817625,860836,996111,1107501,1056222,1108356,1043364,1073767,1108697,1712230,2633300,3389190,5065545,5214856,4881918,4432056,3626627,3583837,3246099,1942622,2738355,2723870,3805136,3136931,3160700,3241556,3715937,3657957,3704065,4352143,3659400,3423080,3837128
 "10000","Delaware",2,CAINC4,71,"..."," Farm proprietors' income ","Thousands of dollars",46224,24637,28316,38950,86084,71488,81139,72622,44099,42073,34022,-8084,22058,43626,57701,75393,83220,124147,93989,159348,169016,114678,107668,92295,81399,94409,56342,88082,59975,107396,109317,112874,176327,45278,136944,216896,260993,173766,170206,191256,259126,228479,201846,242171,391400,455441,344971,260180,454356,355070,376665,167881,294412
 "10000","Delaware",2,CAINC4,72,"..."," Nonfarm proprietors' income ","Thousands of dollars",187589,186403,205607,232762,242845,254002,270685,318238,323696,354029,368608,376594,376684,362725,390992,478587,530818,518759,568345,588960,648609,746158,888443,1015206,974823,1013947,987022,985685,1048722,1604834,2523983,3276316,4889218,5169578,4744974,4215160,3365634,3410071,3075893,1751366,2479229,2495391,3603290,2894760,2769300,2786115,3370966,3397777,3249709,3997073,3282735,3255199,3542716
 "10000","Delaware",2,CAINC4,7010,"...","Total employment ","Number of jobs",270578,274587,280122,292813,304918,301531,292148,295771,296352,304289,311835,311674,313583,316547,325291,339928,356873,370177,386540,402702,414670,420105,414316,413155,420651,424325,442453,452685,464460,476426,491018,503458,502735,500640,504099,518103,528674,537109,544949,544911,525634,522400,530400,534261,544797,556517,568952,578668,584712,596999,602812,592045,609399
 "10000","Delaware",2,CAINC4,7020,"..."," Wage and salary employment ","Number of jobs",243740,246895,252535,263282,275413,272254,262267,266472,266852,273526,280537,280480,281055,281896,289250,302742,316232,326639,343962,356311,367268,370346,363825,363117,369912,376628,387425,395285,406061,417879,429712,437114,435790,431374,431320,440381,445858,450363,451163,450700,428633,426000,429319,433059,441311,450718,459200,464142,466902,472357,478455,451844,463995
 "10000","Delaware",2,CAINC4,7040,"..."," Proprietors employment ","Number of jobs",26838,27692,27587,29531,29505,29277,29881,29299,29500,30763,31298,31194,32528,34651,36041,37186,40641,43538,42578,46391,47402,49759,50491,50038,50739,47697,55028,57400,58399,58547,61306,66344,66945,69266,72779,77722,82816,86746,93786,94211,97001,96400,101081,101202,103486,105799,109752,114526,117810,124642,124357,140201,145404
 "10001","Kent, DE",2,CAINC4,10,"...","Personal income (thousands of dollars) ","Thousands of dollars",299381,329298,366988,408579,456659,510034,562531,607527,649026,716082,771030,842712,949603,1026420,1090616,1193297,1286780,1388580,1495350,1638237,1799718,1913129,2032361,2143911,2209117,2313151,2466683,2644216,2705802,2932809,3149164,3452392,3480979,3700111,3958153,4299235,4507299,4873075,5119257,5283482,5530466,5564431,5899797,5984915,6186209,6420914,6565954,6875705,7187186,7528005,8019553,8482532,9287020
 "10001","Kent, DE",2,CAINC4,11,"..."," Nonfarm personal income 1/","Thousands of dollars",287659,319980,357748,397626,432729,481062,541252,586809,638273,697867,756389,843095,939652,1017215,1080658,1177766,1274625,1376319,1485961,1611658,1774488,1891952,2008006,2115529,2189433,2289260,2454255,2619651,2690576,2907854,3124203,3422255,3448083,3688232,3934694,4254305,4454946,4827720,5067943,5235459,5458777,5497572,5820706,5888653,6060217,6280802,6471924,6795096,7052213,7414544,7894070,8412753,9184123
 "10001","Kent, DE",2,CAINC4,12,"..."," Farm income 2/","Thousands of dollars",11722,9318,9240,10953,23930,28972,21279,20718,10753,18215,14641,-383,9951,9205,9958,15531,12155,12261,9389,26579,25230,21177,24355,28382,19684,23891,12428,24565,15226,24955,24961,30137,32896,11879,23459,44930,52353,45355,51314,48023,71689,66859,79091,96262,125992,140112,94030,80609,134973,113461,125483,69779,102897
 "10001","Kent, DE",2,CAINC4,20,"...","Population (persons) 3/","Number of persons",80668,82633,86628,89512,90286,91026,92521,94465,96264,98251,99166,98280,98317,99225,100953,101261,102818,104713,106263,106965,109052,111638,114288,115682,117987,119039,120715,121447,122419,124056,125611,127229,129228,131824,134605,139342,144585,149704,153969,157925,160081,162940,164997,167072,168711,171031,172605,173940,175786,177853,180255,182256,184149
 "10001","Kent, DE",2,CAINC4,30,"...","Per capita personal income (dollars) 4/","Dollars",3711,3985,4236,4565,5058,5603,6080,6431,6742,7288,7775,8575,9659,10344,10803,11784,12515,13261,14072,15316,16503,17137,17783,18533,18723,19432,20434,21773,22103,23641,25071,27135,26937,28069,29406,30854,31174,32551,33249,33456,34548,34150,35757,35822,36667,37542,38040,39529,40886,42327,44490,46542,50432
 "10001","Kent, DE",2,CAINC4,35,"...","Earnings by place of work ","Thousands of dollars",270485,288295,319388,354669,394822,435631,464115,498283,526964,572481,602687,631360,706278,757425,795271,875188,943397,1023045,1103077,1212256,1317045,1425432,1492818,1588499,1645385,1733765,1834621,1939551,1957891,2162125,2382528,2633397,2611178,2827156,2995174,3294689,3436319,3631694,3716840,3607370,3702770,3740001,3882258,3966876,4080966,4235237,4237614,4431225,4618337,4846953,5198374,5292411,5683534
 "10001","Kent, DE",2,CAINC4,36,"...","Less: Contributions for government social insurance 5/","Thousands of dollars",17086,18575,21322,24323,29554,33776,37052,41024,43991,48484,53413,58556,69248,74883,79384,87901,95516,105128,112217,128408,140250,150359,159055,168611,177808,188586,202186,209957,211276,224793,236636,245923,247663,284854,299736,328424,350949,374340,394204,405184,405581,407573,370879,391044,454133,478950,490504,505771,523874,546872,578096,613589,647840
 "10001","Kent, DE",2,CAINC4,37,"..."," Employee and self-employed contributions for government social insurance ","Thousands of dollars",7861,8403,9434,10692,13467,15480,16664,17985,19736,21920,24395,26557,31897,34996,36946,40155,45220,50402,54257,62668,69737,74720,78525,82150,86741,93210,99916,103962,104498,112165,118879,124216,121636,139801,147312,162181,174495,189781,200694,205719,207646,208203,166169,175687,232453,241904,248497,263553,275381,290513,310586,324764,343396
 "10001","Kent, DE",2,CAINC4,38,"..."," Employer contributions for government social insurance ","Thousands of dollars",9225,10172,11888,13631,16087,18296,20388,23039,24255,26564,29018,31999,37351,39887,42438,47746,50296,54726,57960,65740,70513,75639,80530,86461,91067,95376,102270,105995,106778,112628,117757,121707,126027,145053,152424,166243,176454,184559,193510,199465,197935,199370,204710,215357,221680,237046,242007,242218,248493,256359,267510,288825,304444
 "10001","Kent, DE",2,CAINC4,42,"...","Plus: Adjustment for residence 6/","Thousands of dollars",-14386,-15601,-15923,-15582,-14087,-14561,-14248,-12981,-13072,-7114,-2193,4109,7624,11834,20652,24726,31182,32184,38754,45280,48822,50540,42593,33120,22458,14551,256,-5152,6399,3728,-1564,-3311,-7454,-30570,-25412,-33726,-29524,27006,34468,64867,120123,32469,28946,15796,47040,11732,60899,39967,47606,7550,2860,-112772,-41947
 "10001","Kent, DE",2,CAINC4,45,"...","Equals: Net earnings by place of residence ","Thousands of dollars",239013,254119,282143,314764,351181,387294,412815,444278,469901,516883,547081,576913,644654,694376,736539,812013,879063,950101,1029614,1129128,1225617,1325613,1376356,1453008,1490035,1559730,1632691,1724442,1753014,1941060,2144328,2384163,2356061,2511732,2670026,2932539,3055846,3284360,3357104,3267053,3417312,3364897,3540325,3591628,3673873,3768019,3808009,3965421,4142069,4307631,4623138,4566050,4993747
 "10001","Kent, DE",2,CAINC4,46,"...","Plus: Dividends, interest, and rent 7/","Thousands of dollars",42794,53737,59234,65369,72425,82590,92126,100515,111225,125887,139724,165643,191535,210139,222848,245469,263717,283927,304024,330319,379140,374591,407548,414969,419506,452778,492776,530416,554981,558621,564732,590935,604784,621788,668575,689579,702570,767597,857883,958030,948780,931950,1023531,1018439,1064836,1093771,1115943,1189695,1227566,1309233,1377595,1420729,1495710
 "10001","Kent, DE",2,CAINC4,47,"...","Plus: Personal current transfer receipts ","Thousands of dollars",17574,21442,25611,28446,33053,40150,57590,62734,67900,73312,84225,100156,113414,121905,131229,135815,144000,154552,161712,178790,194961,212925,248457,275934,299576,300643,341216,389358,397807,433128,440104,477294,520134,566591,619552,677117,748883,821118,904270,1058399,1164374,1267584,1335941,1374848,1447500,1559124,1642002,1720589,1817551,1911141,2018820,2495753,2797563
 "10001","Kent, DE",2,CAINC4,50,"...","Wages and salaries ","Thousands of dollars",207886,225412,246333,271399,292767,320395,343298,369300,401039,431616,456343,489621,539991,580246,601162,650724,696477,749760,811366,882559,952455,1020846,1070137,1124972,1183833,1237237,1347306,1427019,1429486,1521622,1603830,1678054,1802721,1965422,2043980,2195380,2330464,2446608,2564912,2592818,2530433,2530263,2607294,2725209,2808835,2932288,3025021,3124923,3212995,3329558,3510376,3654222,3903305
 "10001","Kent, DE",2,CAINC4,60,"...","Supplements to wages and salaries ","Thousands of dollars",34071,37554,45672,51197,54952,61263,71838,77537,86073,92549,100726,112178,126895,141621,152073,164480,179405,196273,206614,225643,248258,267539,284223,312969,328659,343351,363468,376615,381433,405850,431926,459082,504842,557576,605257,655046,711383,746215,778354,786479,808620,831315,863820,875440,873700,907291,916346,925809,981217,1097409,1175789,1230604,1282182
 "10001","Kent, DE",2,CAINC4,61,"..."," Employer contributions for employee pension and insurance funds 8/","Thousands of dollars",24846,27382,33784,37566,38865,42967,51450,54498,61818,65985,71708,80179,89544,101734,109635,116734,129109,141547,148654,159903,177745,191900,203693,226508,237592,247975,261198,270620,274655,293222,314169,337375,378815,412523,452833,488803,534929,561656,584844,587014,610685,631945,659110,660083,652020,670245,674339,683591,732724,841050,908279,941779,977738
 "10001","Kent, DE",2,CAINC4,62,"..."," Employer contributions for government social insurance ","Thousands of dollars",9225,10172,11888,13631,16087,18296,20388,23039,24255,26564,29018,31999,37351,39887,42438,47746,50296,54726,57960,65740,70513,75639,80530,86461,91067,95376,102270,105995,106778,112628,117757,121707,126027,145053,152424,166243,176454,184559,193510,199465,197935,199370,204710,215357,221680,237046,242007,242218,248493,256359,267510,288825,304444
 "10001","Kent, DE",2,CAINC4,70,"...","Proprietors' income 9/","Thousands of dollars",28528,25329,27383,32073,47103,53973,48979,51446,39852,48316,45618,29561,39392,35558,42036,59984,67515,77012,85097,104054,116332,137047,138458,150558,132893,153177,123847,135917,146972,234653,346772,496261,303615,304158,345937,444263,394472,438871,373574,228073,363717,378423,411144,366227,398431,395658,296247,380493,424125,419986,512209,407585,498047
 "10001","Kent, DE",2,CAINC4,71,"..."," Farm proprietors' income ","Thousands of dollars",9264,6689,6786,8505,21608,26453,18538,17710,7484,12560,8586,-6555,4022,2873,4478,10625,7702,8566,6145,22432,20414,15751,17926,21624,12531,16859,4355,15440,4792,15403,16532,20147,22940,-864,13409,36326,45123,36446,41146,38250,62252,57212,70467,80982,111260,124773,81507,68304,123582,103609,116993,61102,94417
 "10001","Kent, DE",2,CAINC4,72,"..."," Nonfarm proprietors' income ","Thousands of dollars",19264,18640,20597,23568,25495,27520,30441,33736,32368,35756,37032,36116,35370,32685,37558,49359,59813,68446,78952,81622,95918,121296,120532,128934,120362,136318,119492,120477,142180,219250,330240,476114,280675,305022,332528,407937,349349,402425,332428,189823,301465,321211,340677,285245,287171,270885,214740,312189,300543,316377,395216,346483,403630
 "10001","Kent, DE",2,CAINC4,7010,"...","Total employment ","Number of jobs",42500,42223,43110,45268,46076,45692,44751,44883,45851,45902,46424,46321,46451,47096,47036,48525,51069,52893,54198,55677,57099,58224,59918,61604,62713,63944,65999,67066,66499,67593,70155,71832,72004,73663,75124,78240,81729,83361,84923,84602,81628,81669,83855,84764,86585,87627,88488,90378,91846,94116,95292,95049,97789
 "10001","Kent, DE",2,CAINC4,7020,"..."," Wage and salary employment ","Number of jobs",38284,38006,38841,40627,41505,41166,40162,40239,41026,40744,41281,41315,41396,41806,41610,42717,44574,45816,46994,48121,49335,50200,51638,53310,54394,55928,57185,57999,57318,58329,59847,60789,62171,63444,64272,66623,69119,69876,70329,70196,66966,67362,68706,69499,71105,71897,72159,73114,73646,74119,75315,72552,74487
 "10001","Kent, DE",2,CAINC4,7040,"..."," Proprietors employment ","Number of jobs",4216,4217,4269,4641,4571,4526,4589,4644,4825,5158,5143,5006,5055,5290,5426,5808,6495,7077,7204,7556,7764,8024,8280,8294,8319,8016,8814,9067,9181,9264,10308,11043,9833,10219,10852,11617,12610,13485,14594,14406,14662,14307,15149,15265,15480,15730,16329,17264,18200,19997,19977,22497,23302
 "10003","New Castle, DE",2,CAINC4,10,"...","Personal income (thousands of dollars) ","Thousands of dollars",1852561,1970847,2144881,2334212,2556144,2768293,2931313,3221263,3482374,3810995,4212725,4774262,5233515,5604685,5933139,6544964,7081819,7449087,8081139,8842671,9877227,10470849,11032472,11461393,11942826,12339740,13010731,13811911,14458239,16060674,17182108,18983137,21271517,21901688,21953724,22207042,22631976,23870369,24348933,23553577,23672129,23934906,26204744,26082854,25995033,27091234,28233695,28924727,30093022,31772844,32347754,33845320,36125614
 "10003","New Castle, DE",2,CAINC4,11,"..."," Nonfarm personal income 1/","Thousands of dollars",1847066,1966565,2138999,2328598,2545557,2753859,2921860,3209722,3473845,3801651,4202369,4771559,5226029,5596068,5924226,6532867,7072458,7441884,8071847,8831049,9867566,10454393,11016046,11451444,11934721,12330287,13002732,13796030,14448994,16049441,17169976,18968235,21258721,21892428,21943744,22197095,22623399,23864479,24343370,23538761,23650166,23917462,26181493,26052048,25968346,27069910,28223681,28917799,30079116,31763002,32328551,33828867,36110163
 "10003","New Castle, DE",2,CAINC4,12,"..."," Farm income 2/","Thousands of dollars",5495,4282,5882,5614,10587,14434,9453,11541,8529,9344,10356,2703,7486,8617,8913,12097,9361,7203,9292,11622,9661,16456,16426,9949,8105,9453,7999,15881,9245,11233,12132,14902,12796,9260,9980,9947,8577,5890,5563,14816,21963,17444,23251,30806,26687,21324,10014,6928,13906,9842,19203,16453,15451
 "10003","New Castle, DE",2,CAINC4,20,"...","Population (persons) 3/","Number of persons",379718,386875,394660,399024,401606,402466,404722,404630,404013,404245,402160,398528,399323,401475,404700,408235,411518,416660,422474,430684,437788,443784,450843,457210,462245,468297,474435,479995,485166,490382,496079,501837,506026,510158,514769,518944,523343,527174,530555,533958,536898,538997,543064,546934,551357,554745,558446,561010,562840,565277,568200,570718,571708
 "10003","New Castle, DE",2,CAINC4,30,"...","Per capita personal income (dollars) 4/","Dollars",4879,5094,5435,5850,6365,6878,7243,7961,8619,9427,10475,11980,13106,13960,14661,16032,17209,17878,19128,20532,22562,23594,24471,25068,25837,26350,27424,28775,29801,32751,34636,37827,42036,42931,42648,42793,43245,45280,45893,44111,44091,44406,48254,47689,47147,48835,50558,51558,53466,56208,56930,59303,63189
 "10003","New Castle, DE",2,CAINC4,35,"...","Earnings by place of work ","Thousands of dollars",1552787,1649547,1822507,2009968,2256432,2418569,2543635,2804514,3025069,3366325,3728433,4156095,4459533,4795393,5160188,5669088,6195353,6508462,7165082,7861318,8645060,9120425,9537298,9943103,10213633,10654587,11215346,11963501,12887071,14300911,15853142,17290944,19577077,20012189,19995964,20096090,20468269,21496840,21662171,20609190,20446038,20696311,22824656,22530005,22561851,23501373,24296724,24393457,25600519,26871293,26958822,26808231,28291822
 "10003","New Castle, DE",2,CAINC4,36,"...","Less: Contributions for government social insurance 5/","Thousands of dollars",108638,113828,129485,151331,197428,218567,225365,250020,270756,310508,358645,400081,462126,507298,550022,608301,676666,725745,792210,895903,987367,1021159,1071488,1097845,1136680,1207562,1267305,1329811,1425229,1547358,1659858,1742382,1787719,1834717,1897742,2021439,2099160,2230878,2274702,2359980,2291246,2301129,2092506,2182287,2546583,2671974,2764416,2762998,2875506,3010322,3095589,3132701,3303333
 "10003","New Castle, DE",2,CAINC4,37,"..."," Employee and self-employed contributions for government social insurance ","Thousands of dollars",52383,55275,62400,71063,92246,102961,106490,115315,124451,140232,163975,185521,217201,239378,256811,278208,315489,342612,377212,431032,480036,497847,525624,536488,556648,593351,629668,664349,709008,775274,834550,875925,913298,941658,976653,1036650,1081968,1147298,1176822,1218193,1186345,1196119,949139,991311,1326429,1376051,1425046,1441551,1516596,1608720,1666630,1688667,1752250
 "10003","New Castle, DE",2,CAINC4,38,"..."," Employer contributions for government social insurance ","Thousands of dollars",56255,58553,67085,80268,105182,115606,118875,134705,146305,170276,194670,214560,244925,267920,293211,330093,361177,383133,414998,464871,507331,523312,545864,561357,580032,614211,637637,665462,716221,772084,825308,866457,874421,893059,921089,984789,1017192,1083580,1097880,1141787,1104901,1105010,1143367,1190976,1220154,1295923,1339370,1321447,1358910,1401602,1428959,1444034,1551083
 "10003","New Castle, DE",2,CAINC4,42,"...","Plus: Adjustment for residence 6/","Thousands of dollars",-20404,-21992,-38705,-46507,-72300,-78370,-90653,-104485,-123855,-153744,-180158,-224869,-246193,-282712,-334235,-380507,-430854,-466149,-545076,-615526,-715596,-791531,-789528,-836706,-800875,-853187,-985628,-1199201,-1525568,-1654600,-1920241,-2041757,-2082873,-2037832,-2108127,-2269562,-2440772,-2775216,-2669047,-2799311,-2266695,-2350706,-2894826,-2943876,-2945175,-3233078,-3274468,-3073407,-3499862,-3511569,-3640426,-3390925,-3203286
 "10003","New Castle, DE",2,CAINC4,45,"...","Equals: Net earnings by place of residence ","Thousands of dollars",1423745,1513727,1654317,1812130,1986704,2121632,2227617,2450009,2630458,2902073,3189630,3531145,3751214,4005383,4275931,4680280,5087833,5316568,5827796,6349889,6942097,7307735,7676282,8008552,8276078,8593838,8962413,9434489,9936274,11098953,12273043,13506805,15706485,16139640,15990095,15805089,15928337,16490746,16718422,15449899,15888097,16044476,17837324,17403842,17070093,17596321,18257840,18557052,19225151,20349402,20222807,20284605,21785203
 "10003","New Castle, DE",2,CAINC4,46,"...","Plus: Dividends, interest, and rent 7/","Thousands of dollars",331490,341975,355238,372061,397439,436229,421958,470714,524610,570857,637139,773372,960967,1048183,1072187,1234109,1337544,1421492,1517933,1683654,2060175,2235361,2273657,2282784,2425586,2430588,2645787,2863297,3007551,3374592,3258532,3666573,3586619,3637285,3694668,3989395,4132848,4611825,4654277,4689783,4120633,3944688,4277278,4527356,4585540,4954425,5148609,5373701,5599577,5946956,6381770,6328436,6466171
 "10003","New Castle, DE",2,CAINC4,47,"...","Plus: Personal current transfer receipts ","Thousands of dollars",97326,115145,135326,150021,172001,210432,281738,300540,327306,338065,385956,469745,521334,551119,585021,630575,656442,711027,735410,809128,874955,927753,1082533,1170057,1241162,1315314,1402531,1514125,1514414,1587129,1650533,1809759,1978413,2124763,2268961,2412558,2570791,2767798,2976234,3413895,3663399,3945742,4090142,4151656,4339400,4540488,4827246,4993974,5268294,5476486,5743177,7232279,7874240
 "10003","New Castle, DE",2,CAINC4,50,"...","Wages and salaries ","Thousands of dollars",1261957,1351353,1475230,1614716,1816516,1947388,2016334,2196202,2367630,2635119,2919752,3263773,3506243,3773879,4028728,4396312,4788582,5036810,5591931,6148407,6740329,7079399,7272006,7448600,7665940,8029996,8557942,9215250,10008315,10872856,11642269,12359372,12865803,12967950,13391730,14113678,14967226,15665748,15930768,15999101,15208576,15389804,16261357,16773813,17147258,17875695,18460476,18356162,19245293,19727564,20467650,20386143,21503409
 "10003","New Castle, DE",2,CAINC4,60,"...","Supplements to wages and salaries ","Thousands of dollars",143128,151828,183914,211873,245024,265058,314253,354189,402782,454241,519142,600482,654699,731078,821814,899883,1009743,1108530,1183333,1302499,1462790,1535178,1622514,1755734,1831283,1899802,1940667,2038491,2163624,2297135,2417890,2619302,2702413,2812913,2946787,3128693,3304807,3643975,3668763,3695479,3552510,3564733,3832287,3847458,3873517,4102021,4168664,4152357,4330836,4618160,4806389,4755579,4959052
 "10003","New Castle, DE",2,CAINC4,61,"..."," Employer contributions for employee pension and insurance funds 8/","Thousands of dollars",86873,93275,116829,131605,139842,149452,195378,219484,256477,283965,324472,385922,409774,463158,528603,569790,648566,725397,768335,837628,955459,1011866,1076650,1194377,1251251,1285591,1303030,1373029,1447403,1525051,1592582,1752845,1827992,1919854,2025698,2143904,2287615,2560395,2570883,2553692,2447609,2459723,2688920,2656482,2653363,2806098,2829294,2830910,2971926,3216558,3377430,3311545,3407969
 "10003","New Castle, DE",2,CAINC4,62,"..."," Employer contributions for government social insurance ","Thousands of dollars",56255,58553,67085,80268,105182,115606,118875,134705,146305,170276,194670,214560,244925,267920,293211,330093,361177,383133,414998,464871,507331,523312,545864,561357,580032,614211,637637,665462,716221,772084,825308,866457,874421,893059,921089,984789,1017192,1083580,1097880,1141787,1104901,1105010,1143367,1190976,1220154,1295923,1339370,1321447,1358910,1401602,1428959,1444034,1551083
 "10003","New Castle, DE",2,CAINC4,70,"...","Proprietors' income 9/","Thousands of dollars",147702,146366,163363,183379,194892,206123,213048,254123,254657,276965,289539,291840,298591,290436,309646,372893,397028,363122,389818,410412,441941,505848,642778,738769,716410,724789,716737,709760,715132,1130920,1792983,2312270,4008861,4231326,3657447,2853719,2196236,2187117,2062640,914610,1684952,1741774,2731012,1908734,1541076,1523657,1667584,1884938,2024390,2525569,1684783,1666509,1829361
 "10003","New Castle, DE",2,CAINC4,71,"..."," Farm proprietors' income ","Thousands of dollars",4018,2700,4406,4142,9204,12934,7925,9920,6805,6501,7439,-149,4825,5958,6421,9687,6998,5064,7226,9152,6725,12635,11838,5313,2668,4139,2851,10209,3976,6345,6735,7434,6160,1332,2542,3016,3361,853,-91,9263,17095,13007,19120,23095,18612,13232,3159,-494,7552,3179,13903,10920,9835
 "10003","New Castle, DE",2,CAINC4,72,"..."," Nonfarm proprietors' income ","Thousands of dollars",143684,143666,158957,179237,185688,193189,205123,244203,247852,270464,282100,291989,293766,284478,303225,363206,390030,358058,382592,401260,435216,493213,630940,733456,713742,720650,713886,699551,711156,1124575,1786248,2304836,4002701,4229994,3654905,2850703,2192875,2186264,2062731,905347,1667857,1728767,2711892,1885639,1522464,1510425,1664425,1885432,2016838,2522390,1670880,1655589,1819526
 "10003","New Castle, DE",2,CAINC4,7010,"...","Total employment ","Number of jobs",187983,190832,194606,202157,213055,210263,203106,206462,206331,212032,218441,218795,220323,221329,226925,237590,248756,258015,271375,283748,293802,296416,289519,286445,292059,293232,305382,312227,322335,331729,341373,349225,346542,340579,340934,347141,350651,354624,358625,359443,345682,341825,348576,350310,356946,363925,372167,376083,377854,383924,387088,377800,386772
 "10003","New Castle, DE",2,CAINC4,7020,"..."," Wage and salary employment ","Number of jobs",174110,176157,180122,186720,197491,194727,187030,190822,190613,195685,201610,201778,202452,202167,206887,216901,225909,233212,246936,256744,266162,267382,260151,257198,262158,266007,273051,278267,287952,297032,305679,310338,307050,299825,298371,301903,302944,304831,304733,304326,287783,284232,288099,290108,295256,301306,307259,308033,308527,310924,313982,295228,300852
 "10003","New Castle, DE",2,CAINC4,7040,"..."," Proprietors employment ","Number of jobs",13873,14675,14484,15437,15564,15536,16076,15640,15718,16347,16831,17017,17871,19162,20038,20689,22847,24803,24439,27004,27640,29034,29368,29247,29901,27225,32331,33960,34383,34697,35694,38887,39492,40754,42563,45238,47707,49793,53892,55117,57899,57593,60477,60202,61690,62619,64908,68050,69327,73000,73106,82572,85920
 "10005","Sussex, DE",2,CAINC4,10,"...","Personal income (thousands of dollars) ","Thousands of dollars",289251,299786,332219,382157,449497,468740,535381,575192,609721,674513,733188,813534,911013,1003018,1107877,1234280,1365240,1519179,1617700,1775452,1953746,1983143,2131444,2249041,2314813,2512417,2694540,2977729,3178211,3503907,3833995,4209752,4626688,4757153,5225049,5873205,6134656,6531886,6912234,7308130,7230336,7338447,7820461,8325499,8919086,9519455,10416476,10644360,11195996,11890381,12835200,13538898,14720997
 "10005","Sussex, DE",2,CAINC4,11,"..."," Nonfarm personal income 1/","Thousands of dollars",251400,279021,309722,350302,388819,430632,475024,524526,574157,642285,704931,804075,886982,956327,1049152,1166858,1283651,1395901,1523722,1633666,1797945,1881290,2040917,2172592,2236372,2426510,2630261,2899956,3109961,3400707,3733132,4109337,4463114,4692962,5085747,5676322,5906430,6377956,6762330,7146011,7032420,7163422,7694102,8165483,8634925,9177062,10136081,10426539,10849131,11619442,12571418,13424228,14513832
 "10005","Sussex, DE",2,CAINC4,12,"..."," Farm income 2/","Thousands of dollars",37851,20765,22497,31855,60678,38108,60357,50666,35564,32228,28257,9459,24031,46691,58725,67422,81589,123278,93978,141786,155801,101853,90527,76449,78441,85907,64279,77773,68250,103200,100863,100415,163574,64191,139302,196883,228226,153930,149904,162119,197916,175025,126359,160016,284161,342393,280395,217821,346865,270939,263782,114670,207165
 "10005","Sussex, DE",2,CAINC4,20,"...","Population (persons) 3/","Number of persons",79614,80824,83919,85285,87186,89658,91513,93660,94544,95692,97504,98111,98334,98448,99806,102069,103943,106186,108209,109972,111434,114145,117949,122033,126146,130209,134584,139535,143902,148897,153300,157307,160445,164187,168629,172517,177222,182390,187225,191991,194751,197825,200108,202566,205531,209384,213545,218080,222873,227942,232842,238912,247527
 "10005","Sussex, DE",2,CAINC4,30,"...","Per capita personal income (dollars) 4/","Dollars",3633,3709,3959,4481,5156,5228,5850,6141,6449,7049,7520,8292,9264,10188,11100,12093,13135,14307,14950,16145,17533,17374,18071,18430,18350,19295,20021,21340,22086,23532,25010,26761,28837,28974,30985,34044,34616,35813,36919,38065,37126,37096,39081,41100,43395,45464,48779,48809,50235,52164,55124,56669,59472
 "10005","Sussex, DE",2,CAINC4,35,"...","Earnings by place of work ","Thousands of dollars",231815,232664,256000,300459,356205,356928,400462,424301,437609,490405,521441,543080,590362,657714,744777,831418,928813,1046738,1115877,1233672,1321821,1357025,1396486,1469001,1503900,1596249,1653542,1771656,1883401,2134213,2377523,2594169,2885912,2937065,3278170,3759737,3880732,3981919,3991941,4008462,3815307,3820240,3821955,4105723,4580144,4916773,5547777,5405481,5468593,5902741,6229258,6234793,6946023
 "10005","Sussex, DE",2,CAINC4,36,"...","Less: Contributions for government social insurance 5/","Thousands of dollars",13673,14826,16839,20316,25934,29234,30474,33733,36415,42337,47885,51742,59251,65313,73987,83173,92647,102338,111899,124903,134369,140411,147191,154407,161261,174861,186196,195296,206413,224412,237185,248574,259345,279348,302795,339873,369622,395515,414900,426755,424846,435160,383148,407142,482594,525135,571222,595027,618359,662435,701503,740356,817306
 "10005","Sussex, DE",2,CAINC4,37,"..."," Employee and self-employed contributions for government social insurance ","Thousands of dollars",6802,7383,8319,9829,12450,14091,14756,15933,17151,19687,22420,24713,28707,31800,35520,39016,44914,50541,55958,63444,69910,72775,76607,79982,83700,91520,97529,102222,107371,116550,124198,130056,134525,145345,158147,179528,197290,214711,225884,233823,231842,236261,189939,205840,274718,297946,332382,347967,359969,388532,415983,440762,483006
 "10005","Sussex, DE",2,CAINC4,38,"..."," Employer contributions for government social insurance ","Thousands of dollars",6871,7443,8520,10487,13484,15143,15718,17800,19264,22650,25465,27029,30544,33513,38467,44157,47733,51797,55941,61459,64459,67636,70584,74425,77561,83341,88667,93074,99042,107862,112987,118518,124820,134003,144648,160345,172332,180804,189016,192932,193004,198899,193209,201302,207876,227189,238840,247060,258390,273903,285520,299594,334300
 "10005","Sussex, DE",2,CAINC4,42,"...","Plus: Adjustment for residence 6/","Thousands of dollars",6309,6829,8232,8385,10837,13065,14917,18441,22926,22616,26114,27973,27544,27612,24135,27792,29810,36083,39946,45376,49229,52965,65501,79008,97869,116697,137499,155759,173694,195012,225817,255081,281031,307702,333123,363115,381613,427438,468406,518176,605484,583968,711713,762802,797546,751963,771354,895190,937271,939204,1022835,1067090,1137067
 "10005","Sussex, DE",2,CAINC4,45,"...","Equals: Net earnings by place of residence ","Thousands of dollars",224451,224667,247393,288528,341108,340759,384905,409009,424120,470684,499670,519311,558655,620013,694925,776037,865976,980483,1043924,1154145,1236681,1269579,1314796,1393602,1440508,1538085,1604845,1732119,1850682,2104813,2366155,2600676,2907598,2965419,3308498,3782979,3892723,4013842,4045447,4099883,3995945,3969048,4150520,4461383,4895096,5143601,5747909,5705644,5787505,6179510,6550590,6561527,7265784
 "10005","Sussex, DE",2,CAINC4,46,"...","Plus: Dividends, interest, and rent 7/","Thousands of dollars",41019,46796,51648,57027,65120,75394,81785,90682,103318,115148,130494,168706,204820,225046,243611,275386,301785,324631,346045,372351,445478,413326,473517,479138,467056,520425,571510,641877,704965,719858,744119,825641,849993,854655,909402,985837,1039758,1210740,1439911,1562955,1430673,1424309,1623318,1742656,1773184,1981796,2084928,2223277,2491740,2596617,2917652,2941081,2986557
 "10005","Sussex, DE",2,CAINC4,47,"...","Plus: Personal current transfer receipts ","Thousands of dollars",23781,28323,33178,36602,43269,52587,68691,75501,82283,88681,103024,125517,147538,157959,169341,182857,197479,214065,227731,248956,271587,300238,343131,376301,407249,453907,518185,603733,622564,679236,723721,783435,869097,937079,1007149,1104389,1202175,1307304,1426876,1645292,1803718,1945090,2046623,2121460,2250806,2394058,2583639,2715439,2916751,3114254,3366958,4036290,4468656
 "10005","Sussex, DE",2,CAINC4,50,"...","Wages and salaries ","Thousands of dollars",157131,174070,189683,216115,237130,255972,268124,291116,310322,356443,384134,418371,445479,481327,535454,585436,639098,686069,758845,816810,862994,923506,954292,998237,1032394,1086954,1159869,1236789,1313911,1436135,1518544,1618772,1711325,1803657,1908177,2084060,2246792,2365463,2491825,2518271,2442188,2507779,2461614,2535802,2640678,2813796,3005554,3197596,3361289,3559585,3767328,3857750,4342245
 "10005","Sussex, DE",2,CAINC4,60,"...","Supplements to wages and salaries ","Thousands of dollars",17101,19249,23140,28084,32141,35562,42541,47894,54001,63141,69834,77600,84124,96030,112312,124879,140220,157897,169613,183020,199475,215578,227319,252590,264587,278905,290893,306777,322897,351421,365434,394738,421518,454036,491459,541603,598021,658607,690231,690252,683433,708788,697361,707951,718273,780736,790117,815359,851754,936568,999522,1028057,1094058
 "10005","Sussex, DE",2,CAINC4,61,"..."," Employer contributions for employee pension and insurance funds 8/","Thousands of dollars",10230,11806,14620,17597,18657,20419,26823,30094,34737,40491,44369,50571,53580,62517,73845,80722,92487,106100,113672,121561,135016,147942,156735,178165,187026,195564,202226,213703,223855,243559,252447,276220,296698,320033,346811,381258,425689,477803,501215,497320,490429,509889,504152,506649,510397,553547,551277,568299,593364,662665,714002,728463,759758
 "10005","Sussex, DE",2,CAINC4,62,"..."," Employer contributions for government social insurance ","Thousands of dollars",6871,7443,8520,10487,13484,15143,15718,17800,19264,22650,25465,27029,30544,33513,38467,44157,47733,51797,55941,61459,64459,67636,70584,74425,77561,83341,88667,93074,99042,107862,112987,118518,124820,134003,144648,160345,172332,180804,189016,192932,193004,198899,193209,201302,207876,227189,238840,247060,258390,273903,285520,299594,334300
 "10005","Sussex, DE",2,CAINC4,70,"...","Proprietors' income 9/","Thousands of dollars",57583,39345,43177,56260,86934,65394,89797,85291,73286,70821,67473,47109,60759,80357,97011,121103,149495,202772,187419,233842,259352,217941,214875,218174,206919,230390,202780,228090,246593,346657,493545,580659,753069,679372,878534,1134074,1035919,957849,809885,799939,689686,603673,662980,861970,1221193,1322241,1752106,1392526,1255550,1406588,1462408,1348986,1509720
 "10005","Sussex, DE",2,CAINC4,71,"..."," Farm proprietors' income ","Thousands of dollars",32942,15248,17124,26303,55272,32101,54676,44992,29810,23012,17997,-1380,13211,34795,46802,55081,68520,110517,80618,127764,141877,86292,77904,65358,66200,73411,49136,62433,51207,85648,86050,85293,147227,44810,120993,177554,212509,136467,129151,143743,179779,158260,112259,138094,261528,317436,260305,192370,323222,248282,245769,95859,190160
 "10005","Sussex, DE",2,CAINC4,72,"..."," Nonfarm proprietors' income ","Thousands of dollars",24641,24097,26053,29957,31662,33293,35121,40299,43476,47809,49476,48489,47548,45562,50209,66022,80975,92255,106801,106078,117475,131649,136971,152816,140719,156979,153644,165657,195386,261009,407495,495366,605842,634562,757541,956520,823410,821382,680734,656196,509907,445413,550721,723876,959665,1004805,1491801,1200156,932328,1158306,1216639,1253127,1319560
 "10005","Sussex, DE",2,CAINC4,7010,"...","Total employment ","Number of jobs",40095,41532,42406,45388,45787,45576,44291,44426,44170,46355,46970,46558,46809,48122,51330,53813,57048,59269,60967,63277,63769,65465,64879,65106,65879,67149,71072,73392,75626,77104,79490,82401,84189,86398,88041,92722,96294,99124,101401,100866,98324,98906,97969,99187,101266,104965,108297,112207,115012,118959,120432,119196,124838
 "10005","Sussex, DE",2,CAINC4,7020,"..."," Wage and salary employment ","Number of jobs",31346,32732,33572,35935,36417,36361,35075,35411,35213,37097,37646,37387,37207,37923,40753,43124,45749,47611,50032,51446,51771,52764,52036,52609,53360,54693,57189,59019,60791,62518,64186,65987,66569,68105,68677,71855,73795,75656,76101,76178,73884,74406,72514,73452,74950,77515,79782,82995,84729,87314,89158,84064,88656
 "10005","Sussex, DE",2,CAINC4,7040,"..."," Proprietors employment ","Number of jobs",8749,8800,8834,9453,9370,9215,9216,9015,8957,9258,9324,9171,9602,10199,10577,10689,11299,11658,10935,11831,11998,12701,12843,12497,12519,12456,13883,14373,14835,14586,15304,16414,17620,18293,19364,20867,22499,23468,25300,24688,24440,24500,25455,25735,26316,27450,28515,29212,30283,31645,31274,35132,36182
"Note: See the included footnote file."
"CAINC4: Personal income and employment by major component "
"Last updated: November 16, 2022-- new statistics for 2021; revised statistics for 2010-2020."
"U.S. Bureau of Economic Analysis"
